spp,id,dit,nCellShr,nCellBoat,overlap
B,B_S1_Dit_01_1,7.03092655385262e-06,2,0,0
B,B_S2_Dit_01_1,3.36251696353429e-06,1,0,0
B,B_S3_Dit_01_1,3.36251696353429e-06,1,0,0
B,B_S4_Dit_01_1,7.93506751506357e-06,1,0,0
B,B_S5_Dit_01_1,4.48737500846619e-06,1,0,0
B,B_S1_Dit_01_1,7.03092655385262e-06,2,0,0
B,B_S2_Dit_01_1,3.36251696353429e-06,1,0,0
B,B_S3_Dit_01_1,3.36251696353429e-06,1,0,0
B,B_S4_Dit_01_1,7.93506751506357e-06,1,0,0
B,B_S5_Dit_01_1,4.48737500846619e-06,1,0,0
